category,region,japaneseName,koreanName,key,referenceSpeciesId,natDex,types,hp,attack,defense,spAttack,spDefense,speed,bst,abilities,genderRatio,heightM,weightKg,catchRate,expYield,eggCycles,friendship,growthRate,eggGroups,cryId,flags,levelUpLearnset,teachableLearnset,eggMoveLearnset,frontPic,backPic,palette,shinyPalette,iconSprite,evolution
regional_form,Alola,コラッタ,꼬렛,SPECIES_RATTATA_ALOLA,956,RATTATA,"DARK,NORMAL",30,56,35,25,35,72,253,"GLUTTONY,HUSTLE,THICK_FAT",PERCENT_FEMALE(50),0.3,3.8,255,51,15,STANDARD_FRIENDSHIP,GROWTH_MEDIUM_FAST,FIELD,RATTATA,isAlolanForm,sRattataAlolaLevelUpLearnset,sRattataAlolaTeachableLearnset,sRattataAlolaEggMoveLearnset,gMonFrontPic_RattataAlola,gMonBackPic_RattataAlola,gMonPalette_RattataAlola,gMonShinyPalette_RattataAlola,gMonIcon_RattataAlola,"{EVO_LEVEL, 20, SPECIES_RATICATE_ALOLA, CONDITIONS({IF_TIME, TIME_NIGHT})}, {EVO_NONE, 0, SPECIES_RATICATE_ALOLA_TOTEM}"
regional_form,Alola,ラッタ,레트라,SPECIES_RATICATE_ALOLA,957,RATICATE,"DARK,NORMAL",75,71,70,40,80,77,413,"GLUTTONY,HUSTLE,THICK_FAT",PERCENT_FEMALE(50),0.7,25.5,127,145,15,STANDARD_FRIENDSHIP,GROWTH_MEDIUM_FAST,FIELD,RATICATE,isAlolanForm,sRaticateAlolaLevelUpLearnset,sRaticateAlolaTeachableLearnset,,gMonFrontPic_RaticateAlola,gMonBackPic_RaticateAlola,gMonPalette_RaticateAlola,gMonShinyPalette_RaticateAlola,gMonIcon_RaticateAlola,
regional_form,Alola,ライチュウ,라이츄,SPECIES_RAICHU_ALOLA,958,RAICHU,"ELECTRIC,PSYCHIC",60,85,50,95,85,110,485,"SURGE_SURFER,NONE,NONE",PERCENT_FEMALE(50),0.7,21,75,(P_UPDATED_EXP_YIELDS >= GEN_8) ? 243 : 218,10,STANDARD_FRIENDSHIP,GROWTH_MEDIUM_FAST,"FIELD,FAIRY",RAICHU,isAlolanForm,sRaichuAlolaLevelUpLearnset,sRaichuAlolaTeachableLearnset,,gMonFrontPic_RaichuAlola,gMonBackPic_RaichuAlola,gMonPalette_RaichuAlola,gMonShinyPalette_RaichuAlola,gMonIcon_RaichuAlola,
regional_form,Alola,サンド,모래두지,SPECIES_SANDSHREW_ALOLA,959,SANDSHREW,"ICE,STEEL",50,75,90,10,35,40,300,"SNOW_CLOAK,NONE,SLUSH_RUSH",PERCENT_FEMALE(50),0.7,40,255,60,20,STANDARD_FRIENDSHIP,GROWTH_MEDIUM_FAST,FIELD,SANDSHREW,isAlolanForm,sSandshrewAlolaLevelUpLearnset,sSandshrewAlolaTeachableLearnset,sSandshrewAlolaEggMoveLearnset,gMonFrontPic_SandshrewAlola,gMonBackPic_SandshrewAlola,gMonPalette_SandshrewAlola,gMonShinyPalette_SandshrewAlola,gMonIcon_SandshrewAlola,"{EVO_ITEM, ITEM_ICE_STONE, SPECIES_SANDSLASH_ALOLA}"
regional_form,Alola,サンドパン,고지,SPECIES_SANDSLASH_ALOLA,960,SANDSLASH,"ICE,STEEL",75,100,120,25,65,65,450,"SNOW_CLOAK,NONE,SLUSH_RUSH",PERCENT_FEMALE(50),1.2,55,90,158,20,STANDARD_FRIENDSHIP,GROWTH_MEDIUM_FAST,FIELD,SANDSLASH,isAlolanForm,sSandslashAlolaLevelUpLearnset,sSandslashAlolaTeachableLearnset,,gMonFrontPic_SandslashAlola,gMonBackPic_SandslashAlola,gMonPalette_SandslashAlola,gMonShinyPalette_SandslashAlola,gMonIcon_SandslashAlola,
regional_form,Alola,ロコン,식스테일,SPECIES_VULPIX_ALOLA,961,VULPIX,ICE,38,41,40,50,65,65,299,"SNOW_CLOAK,NONE,SNOW_WARNING",PERCENT_FEMALE(75),0.6,9.9,190,60,20,STANDARD_FRIENDSHIP,GROWTH_MEDIUM_FAST,FIELD,VULPIX,isAlolanForm,sVulpixAlolaLevelUpLearnset,sVulpixAlolaTeachableLearnset,sVulpixAlolaEggMoveLearnset,gMonFrontPic_VulpixAlola,gMonBackPic_VulpixAlola,gMonPalette_VulpixAlola,gMonShinyPalette_VulpixAlola,gMonIcon_VulpixAlola,"{EVO_ITEM, ITEM_ICE_STONE, SPECIES_NINETALES_ALOLA}"
regional_form,Alola,キュウコン,나인테일,SPECIES_NINETALES_ALOLA,962,NINETALES,"ICE,FAIRY",73,67,75,81,100,109,505,"SNOW_CLOAK,NONE,SNOW_WARNING",PERCENT_FEMALE(75),1.1,19.9,75,177,20,STANDARD_FRIENDSHIP,GROWTH_MEDIUM_FAST,FIELD,NINETALES,isAlolanForm,sNinetalesAlolaLevelUpLearnset,sNinetalesAlolaTeachableLearnset,,gMonFrontPic_NinetalesAlola,gMonBackPic_NinetalesAlola,gMonPalette_NinetalesAlola,gMonShinyPalette_NinetalesAlola,gMonIcon_NinetalesAlola,
regional_form,Alola,ディグダ,디그다,SPECIES_DIGLETT_ALOLA,963,DIGLETT,"GROUND,STEEL",10,55,30,35,45,90,265,"SAND_VEIL,TANGLING_HAIR,SAND_FORCE",PERCENT_FEMALE(50),0.2,1,255,53,20,STANDARD_FRIENDSHIP,GROWTH_MEDIUM_FAST,FIELD,DIGLETT,isAlolanForm,sDiglettAlolaLevelUpLearnset,sDiglettAlolaTeachableLearnset,sDiglettAlolaEggMoveLearnset,gMonFrontPic_DiglettAlola,gMonBackPic_DiglettAlola,gMonPalette_DiglettAlola,gMonShinyPalette_DiglettAlola,gMonIcon_DiglettAlola,"{EVO_LEVEL, 26, SPECIES_DUGTRIO_ALOLA}"
regional_form,Alola,ダグトリオ,닥트리오,SPECIES_DUGTRIO_ALOLA,964,DUGTRIO,"GROUND,STEEL",35,100,60,50,70,110,425,"SAND_VEIL,TANGLING_HAIR,SAND_FORCE",PERCENT_FEMALE(50),0.7,66.6,50,149,20,STANDARD_FRIENDSHIP,GROWTH_MEDIUM_FAST,FIELD,DUGTRIO,isAlolanForm,sDugtrioAlolaLevelUpLearnset,sDugtrioAlolaTeachableLearnset,,gMonFrontPic_DugtrioAlola,gMonBackPic_DugtrioAlola,gMonPalette_DugtrioAlola,gMonShinyPalette_DugtrioAlola,gMonIcon_DugtrioAlola,
regional_form,Alola,ニャース,나옹,SPECIES_MEOWTH_ALOLA,965,MEOWTH,DARK,40,35,35,50,40,90,290,"PICKUP,TECHNICIAN,RATTLED",PERCENT_FEMALE(50),0.4,4.2,255,58,20,STANDARD_FRIENDSHIP,GROWTH_MEDIUM_FAST,FIELD,MEOWTH,isAlolanForm,sMeowthAlolaLevelUpLearnset,sMeowthAlolaTeachableLearnset,sMeowthAlolaEggMoveLearnset,gMonFrontPic_MeowthAlola,gMonBackPic_MeowthAlola,gMonPalette_MeowthAlola,gMonShinyPalette_MeowthAlola,gMonIcon_MeowthAlola,"{EVO_LEVEL, 0, SPECIES_PERSIAN_ALOLA, CONDITIONS({IF_MIN_FRIENDSHIP, FRIENDSHIP_EVO_THRESHOLD})}"
regional_form,Alola,ペルシアン,페르시온,SPECIES_PERSIAN_ALOLA,966,PERSIAN,DARK,65,60,60,75,65,115,440,"FUR_COAT,TECHNICIAN,RATTLED",PERCENT_FEMALE(50),1.1,33,90,154,20,STANDARD_FRIENDSHIP,GROWTH_MEDIUM_FAST,FIELD,PERSIAN,isAlolanForm,sPersianAlolaLevelUpLearnset,sPersianAlolaTeachableLearnset,,gMonFrontPic_PersianAlola,gMonBackPic_PersianAlola,gMonPalette_PersianAlola,gMonShinyPalette_PersianAlola,gMonIcon_PersianAlola,
regional_form,Alola,イシツブテ,꼬마돌,SPECIES_GEODUDE_ALOLA,967,GEODUDE,"ROCK,ELECTRIC",40,80,100,30,30,20,300,"MAGNET_PULL,STURDY,GALVANIZE",PERCENT_FEMALE(50),0.4,20.3,255,60,15,STANDARD_FRIENDSHIP,GROWTH_MEDIUM_SLOW,MINERAL,GEODUDE,isAlolanForm,sGeodudeAlolaLevelUpLearnset,sGeodudeAlolaTeachableLearnset,sGeodudeAlolaEggMoveLearnset,gMonFrontPic_GeodudeAlola,gMonBackPic_GeodudeAlola,gMonPalette_GeodudeAlola,gMonShinyPalette_GeodudeAlola,gMonIcon_GeodudeAlola,"{EVO_LEVEL, 25, SPECIES_GRAVELER_ALOLA}"
regional_form,Alola,ゴローン,데구리,SPECIES_GRAVELER_ALOLA,968,GRAVELER,"ROCK,ELECTRIC",55,95,115,45,45,35,390,"MAGNET_PULL,STURDY,GALVANIZE",PERCENT_FEMALE(50),1,110,120,137,15,STANDARD_FRIENDSHIP,GROWTH_MEDIUM_SLOW,MINERAL,GRAVELER,isAlolanForm,sGravelerAlolaLevelUpLearnset,sGravelerAlolaTeachableLearnset,,gMonFrontPic_GravelerAlola,gMonBackPic_GravelerAlola,gMonPalette_GravelerAlola,gMonShinyPalette_GravelerAlola,gMonIcon_GravelerAlola,"{EVO_TRADE, 0, SPECIES_GOLEM_ALOLA}, {EVO_ITEM, ITEM_LINKING_CORD, SPECIES_GOLEM_ALOLA}"
regional_form,Alola,ゴローニャ,딱구리,SPECIES_GOLEM_ALOLA,969,GOLEM,"ROCK,ELECTRIC",80,120,130,55,65,45,495,"MAGNET_PULL,STURDY,GALVANIZE",PERCENT_FEMALE(50),1.7,316,45,(P_UPDATED_EXP_YIELDS >= GEN_8) ? 248 : 223,15,STANDARD_FRIENDSHIP,GROWTH_MEDIUM_SLOW,MINERAL,GOLEM,isAlolanForm,sGolemAlolaLevelUpLearnset,sGolemAlolaTeachableLearnset,,gMonFrontPic_GolemAlola,gMonBackPic_GolemAlola,gMonPalette_GolemAlola,gMonShinyPalette_GolemAlola,gMonIcon_GolemAlola,
regional_form,Alola,ベトベター,질퍽이,SPECIES_GRIMER_ALOLA,970,GRIMER,"POISON,DARK",80,80,50,40,50,25,325,"POISON_TOUCH,GLUTTONY,POWER_OF_ALCHEMY",PERCENT_FEMALE(50),0.7,42,190,65,20,STANDARD_FRIENDSHIP,GROWTH_MEDIUM_FAST,AMORPHOUS,GRIMER,isAlolanForm,sGrimerAlolaLevelUpLearnset,sGrimerAlolaTeachableLearnset,sGrimerAlolaEggMoveLearnset,gMonFrontPic_GrimerAlola,gMonBackPic_GrimerAlola,gMonPalette_GrimerAlola,gMonShinyPalette_GrimerAlola,gMonIcon_GrimerAlola,"{EVO_LEVEL, 38, SPECIES_MUK_ALOLA}"
regional_form,Alola,ベトベトン,질뻐기,SPECIES_MUK_ALOLA,971,MUK,"POISON,DARK",105,105,75,65,100,50,500,"POISON_TOUCH,GLUTTONY,POWER_OF_ALCHEMY",PERCENT_FEMALE(50),1,52,75,175,20,STANDARD_FRIENDSHIP,GROWTH_MEDIUM_FAST,AMORPHOUS,MUK,isAlolanForm,sMukAlolaLevelUpLearnset,sMukAlolaTeachableLearnset,,gMonFrontPic_MukAlola,gMonBackPic_MukAlola,gMonPalette_MukAlola,gMonShinyPalette_MukAlola,gMonIcon_MukAlola,
regional_form,Alola,ナッシー,나시,SPECIES_EXEGGUTOR_ALOLA,972,EXEGGUTOR,"GRASS,DRAGON",95,105,85,125,75,45,530,"FRISK,NONE,HARVEST",PERCENT_FEMALE(50),10.9,415.6,45,186,20,STANDARD_FRIENDSHIP,GROWTH_SLOW,GRASS,EXEGGUTOR,isAlolanForm,sExeggutorAlolaLevelUpLearnset,sExeggutorAlolaTeachableLearnset,,gMonFrontPic_ExeggutorAlola,gMonBackPic_ExeggutorAlola,gMonPalette_ExeggutorAlola,gMonShinyPalette_ExeggutorAlola,gMonIcon_ExeggutorAlola,
regional_form,Alola,ガラガラ,텅구리,SPECIES_MAROWAK_ALOLA,973,MAROWAK,"FIRE,GHOST",60,80,110,50,80,45,425,"CURSED_BODY,LIGHTNING_ROD,ROCK_HEAD",PERCENT_FEMALE(50),1,34,75,149,20,STANDARD_FRIENDSHIP,GROWTH_MEDIUM_FAST,MONSTER,MAROWAK,isAlolanForm,sMarowakAlolaLevelUpLearnset,sMarowakAlolaTeachableLearnset,,gMonFrontPic_MarowakAlola,gMonBackPic_MarowakAlola,gMonPalette_MarowakAlola,gMonShinyPalette_MarowakAlola,gMonIcon_MarowakAlola,
regional_form,Galar,ニャース,나옹,SPECIES_MEOWTH_GALAR,974,MEOWTH,STEEL,50,65,55,40,40,40,290,"PICKUP,TOUGH_CLAWS,UNNERVE",PERCENT_FEMALE(50),0.4,7.5,255,58,20,STANDARD_FRIENDSHIP,GROWTH_MEDIUM_FAST,FIELD,MEOWTH,isGalarianForm,sMeowthGalarLevelUpLearnset,sMeowthGalarTeachableLearnset,sMeowthGalarEggMoveLearnset,gMonFrontPic_MeowthGalar,gMonBackPic_MeowthGalar,gMonPalette_MeowthGalar,gMonShinyPalette_MeowthGalar,gMonIcon_MeowthGalar,"{EVO_LEVEL, 28, SPECIES_PERRSERKER}"
regional_form,Galar,ポニータ,포니타,SPECIES_PONYTA_GALAR,975,PONYTA,PSYCHIC,50,85,55,65,65,90,410,"RUN_AWAY,PASTEL_VEIL,ANTICIPATION",PERCENT_FEMALE(50),0.8,24,190,82,20,STANDARD_FRIENDSHIP,GROWTH_MEDIUM_FAST,FIELD,PONYTA,isGalarianForm,sPonytaGalarLevelUpLearnset,sPonytaGalarTeachableLearnset,sPonytaGalarEggMoveLearnset,gMonFrontPic_PonytaGalar,gMonBackPic_PonytaGalar,gMonPalette_PonytaGalar,gMonShinyPalette_PonytaGalar,gMonIcon_PonytaGalar,"{EVO_LEVEL, 40, SPECIES_RAPIDASH_GALAR}"
regional_form,Galar,ギャロップ,날쌩마,SPECIES_RAPIDASH_GALAR,976,RAPIDASH,"PSYCHIC,FAIRY",65,100,70,80,80,105,500,"RUN_AWAY,PASTEL_VEIL,ANTICIPATION",PERCENT_FEMALE(50),1.7,80,60,175,20,STANDARD_FRIENDSHIP,GROWTH_MEDIUM_FAST,FIELD,RAPIDASH,isGalarianForm,sRapidashGalarLevelUpLearnset,sRapidashGalarTeachableLearnset,,gMonFrontPic_RapidashGalar,gMonBackPic_RapidashGalar,gMonPalette_RapidashGalar,gMonShinyPalette_RapidashGalar,gMonIcon_RapidashGalar,
regional_form,Galar,ヤドン,야돈,SPECIES_SLOWPOKE_GALAR,977,SLOWPOKE,PSYCHIC,90,65,65,40,40,15,315,"GLUTTONY,OWN_TEMPO,REGENERATOR",PERCENT_FEMALE(50),1.2,36,190,63,20,STANDARD_FRIENDSHIP,GROWTH_MEDIUM_FAST,"MONSTER,WATER_1",SLOWPOKE_GALAR,isGalarianForm,sSlowpokeGalarLevelUpLearnset,sSlowpokeGalarTeachableLearnset,sSlowpokeGalarEggMoveLearnset,gMonFrontPic_SlowpokeGalar,gMonBackPic_SlowpokeGalar,gMonPalette_SlowpokeGalar,gMonShinyPalette_SlowpokeGalar,gMonIcon_SlowpokeGalar,"{EVO_ITEM, ITEM_GALARICA_CUFF, SPECIES_SLOWBRO_GALAR} #if P_GEN_2_CROSS_EVOS ,{EVO_ITEM, ITEM_GALARICA_WREATH, SPECIES_SLOWKING_GALAR} #endif"
regional_form,Galar,ヤドラン,야도란,SPECIES_SLOWBRO_GALAR,978,SLOWBRO,"POISON,PSYCHIC",95,100,95,100,70,30,490,"QUICK_DRAW,OWN_TEMPO,REGENERATOR",PERCENT_FEMALE(50),1.6,70.5,75,172,20,STANDARD_FRIENDSHIP,GROWTH_MEDIUM_FAST,"MONSTER,WATER_1",SLOWBRO,isGalarianForm,sSlowbroGalarLevelUpLearnset,sSlowbroGalarTeachableLearnset,,gMonFrontPic_SlowbroGalar,gMonBackPic_SlowbroGalar,gMonPalette_SlowbroGalar,gMonShinyPalette_SlowbroGalar,gMonIcon_SlowbroGalar,
regional_form,Galar,カモネギ,파오리,SPECIES_FARFETCHD_GALAR,979,FARFETCHD,FIGHTING,52,95,55,58,62,55,377,"STEADFAST,NONE,SCRAPPY",PERCENT_FEMALE(50),0.8,42,45,132,20,STANDARD_FRIENDSHIP,GROWTH_MEDIUM_FAST,"FLYING,FIELD",FARFETCHD,isGalarianForm,sFarfetchdGalarLevelUpLearnset,sFarfetchdGalarTeachableLearnset,sFarfetchdGalarEggMoveLearnset,gMonFrontPic_FarfetchdGalar,gMonBackPic_FarfetchdGalar,gMonPalette_FarfetchdGalar,gMonShinyPalette_FarfetchdGalar,gMonIcon_FarfetchdGalar,"{EVO_BATTLE_END, 0, SPECIES_SIRFETCHD, CONDITIONS({IF_CRITICAL_HITS_GE, 3})}"
regional_form,Galar,マタドガス,또도가스,SPECIES_WEEZING_GALAR,980,WEEZING,"POISON,FAIRY",65,90,120,85,70,60,490,"LEVITATE,NEUTRALIZING_GAS,MISTY_SURGE",PERCENT_FEMALE(50),3,16,60,172,20,STANDARD_FRIENDSHIP,GROWTH_MEDIUM_FAST,AMORPHOUS,WEEZING,isGalarianForm,sWeezingGalarLevelUpLearnset,sWeezingGalarTeachableLearnset,,gMonFrontPic_WeezingGalar,gMonBackPic_WeezingGalar,gMonPalette_WeezingGalar,gMonShinyPalette_WeezingGalar,gMonIcon_WeezingGalar,
regional_form,Galar,バリヤード,마임맨,SPECIES_MR_MIME_GALAR,981,MR_MIME,"ICE,PSYCHIC",50,65,65,90,90,100,460,"VITAL_SPIRIT,SCREEN_CLEANER,ICE_BODY",PERCENT_FEMALE(50),1.4,56.8,45,161,25,STANDARD_FRIENDSHIP,GROWTH_MEDIUM_FAST,HUMAN_LIKE,MR_MIME,isGalarianForm,sMrMimeGalarLevelUpLearnset,sMrMimeGalarTeachableLearnset,sMrMimeGalarEggMoveLearnset,gMonFrontPic_MrMimeGalar,gMonBackPic_MrMimeGalar,gMonPalette_MrMimeGalar,gMonShinyPalette_MrMimeGalar,gMonIcon_MrMimeGalar,"{EVO_LEVEL, 42, SPECIES_MR_RIME}"
regional_form,Galar,フリーザー,프리져,SPECIES_ARTICUNO_GALAR,982,ARTICUNO,"PSYCHIC,FLYING",90,85,85,125,100,95,580,"COMPETITIVE,NONE,NONE",MON_GENDERLESS,1.7,50.9,3,290,120,35,GROWTH_SLOW,NO_EGGS_DISCOVERED,ARTICUNO,isGalarianForm,sArticunoGalarLevelUpLearnset,sArticunoGalarTeachableLearnset,,gMonFrontPic_ArticunoGalar,gMonBackPic_ArticunoGalar,gMonPalette_ArticunoGalar,gMonShinyPalette_ArticunoGalar,gMonIcon_ArticunoGalar,
regional_form,Galar,サンダー,썬더,SPECIES_ZAPDOS_GALAR,983,ZAPDOS,"FIGHTING,FLYING",90,125,90,85,90,100,580,"DEFIANT,NONE,NONE",MON_GENDERLESS,1.6,58.2,3,290,120,35,GROWTH_SLOW,NO_EGGS_DISCOVERED,ZAPDOS,isGalarianForm,sZapdosGalarLevelUpLearnset,sZapdosGalarTeachableLearnset,,gMonFrontPic_ZapdosGalar,gMonBackPic_ZapdosGalar,gMonPalette_ZapdosGalar,gMonShinyPalette_ZapdosGalar,gMonIcon_ZapdosGalar,
regional_form,Galar,ファイヤー,파이어,SPECIES_MOLTRES_GALAR,984,MOLTRES,"DARK,FLYING",90,85,90,100,125,90,580,"BERSERK,NONE,NONE",MON_GENDERLESS,2,66,3,290,120,35,GROWTH_SLOW,NO_EGGS_DISCOVERED,MOLTRES,isGalarianForm,sMoltresGalarLevelUpLearnset,sMoltresGalarTeachableLearnset,,gMonFrontPic_MoltresGalar,gMonBackPic_MoltresGalar,gMonPalette_MoltresGalar,gMonShinyPalette_MoltresGalar,gMonIcon_MoltresGalar,
regional_form,Galar,ヤドキング,야도킹,SPECIES_SLOWKING_GALAR,985,SLOWKING,"POISON,PSYCHIC",95,65,80,110,110,30,490,"CURIOUS_MEDICINE,OWN_TEMPO,REGENERATOR",PERCENT_FEMALE(50),1.8,79.5,70,172,20,STANDARD_FRIENDSHIP,GROWTH_MEDIUM_FAST,"MONSTER,WATER_1",SLOWKING,isGalarianForm,sSlowkingGalarLevelUpLearnset,sSlowkingGalarTeachableLearnset,,gMonFrontPic_SlowkingGalar,gMonBackPic_SlowkingGalar,gMonPalette_SlowkingGalar,gMonShinyPalette_SlowkingGalar,gMonIcon_SlowkingGalar,
regional_form,Galar,サニーゴ,코산호,SPECIES_CORSOLA_GALAR,986,CORSOLA,GHOST,60,55,100,65,100,30,410,"WEAK_ARMOR,NONE,CURSED_BODY",PERCENT_FEMALE(75),0.6,0.5,60,144,20,STANDARD_FRIENDSHIP,GROWTH_FAST,"WATER_1,WATER_3",CORSOLA,isGalarianForm,sCorsolaGalarLevelUpLearnset,sCorsolaGalarTeachableLearnset,sCorsolaGalarEggMoveLearnset,gMonFrontPic_CorsolaGalar,gMonBackPic_CorsolaGalar,gMonPalette_CorsolaGalar,gMonShinyPalette_CorsolaGalar,gMonIcon_CorsolaGalar,"{EVO_LEVEL, 38, SPECIES_CURSOLA}"
regional_form,Galar,ジグザグマ,지그제구리,SPECIES_ZIGZAGOON_GALAR,987,ZIGZAGOON,"DARK,NORMAL",38,30,41,30,41,60,240,"PICKUP,GLUTTONY,QUICK_FEET",PERCENT_FEMALE(50),0.4,17.5,255,56,15,STANDARD_FRIENDSHIP,GROWTH_MEDIUM_FAST,FIELD,ZIGZAGOON,isGalarianForm,sZigzagoonGalarLevelUpLearnset,sZigzagoonGalarTeachableLearnset,sZigzagoonGalarEggMoveLearnset,gMonFrontPic_ZigzagoonGalar,gMonBackPic_ZigzagoonGalar,gMonPalette_ZigzagoonGalar,gMonShinyPalette_ZigzagoonGalar,gMonIcon_ZigzagoonGalar,"{EVO_LEVEL, 20, SPECIES_LINOONE_GALAR}"
regional_form,Galar,マッスグマ,직구리,SPECIES_LINOONE_GALAR,988,LINOONE,"DARK,NORMAL",78,70,61,50,61,100,420,"PICKUP,GLUTTONY,QUICK_FEET",PERCENT_FEMALE(50),0.5,32.5,90,147,15,STANDARD_FRIENDSHIP,GROWTH_MEDIUM_FAST,FIELD,LINOONE,isGalarianForm,sLinooneGalarLevelUpLearnset,sLinooneGalarTeachableLearnset,,gMonFrontPic_LinooneGalar,gMonBackPic_LinooneGalar,gMonPalette_LinooneGalar,gMonShinyPalette_LinooneGalar,gMonIcon_LinooneGalar,"{EVO_LEVEL, 35, SPECIES_OBSTAGOON, CONDITIONS({IF_TIME, TIME_NIGHT})}"
regional_form,Galar,ダルマッカ,달막화,SPECIES_DARUMAKA_GALAR,989,DARUMAKA,ICE,70,90,45,15,45,50,315,"HUSTLE,NONE,INNER_FOCUS",PERCENT_FEMALE(50),0.7,40,120,63,20,STANDARD_FRIENDSHIP,GROWTH_MEDIUM_SLOW,FIELD,DARUMAKA,isGalarianForm,sDarumakaGalarLevelUpLearnset,sDarumakaGalarTeachableLearnset,sDarumakaGalarEggMoveLearnset,gMonFrontPic_DarumakaGalar,gMonBackPic_DarumakaGalar,gMonPalette_DarumakaGalar,gMonShinyPalette_DarumakaGalar,gMonIcon_DarumakaGalar,"{EVO_ITEM, ITEM_ICE_STONE, SPECIES_DARMANITAN_GALAR_STANDARD}"
regional_form,Galar,ヒヒダルマ,불비달마,SPECIES_DARMANITAN_GALAR_STANDARD,990,DARMANITAN,ICE,105,140,55,30,55,95,480,"GORILLA_TACTICS,NONE,ZEN_MODE",PERCENT_FEMALE(50),1.7,120,60,168,20,STANDARD_FRIENDSHIP,GROWTH_MEDIUM_SLOW,FIELD,DARMANITAN,isGalarianForm,sDarmanitanGalarLevelUpLearnset,sDarmanitanGalarTeachableLearnset,,gMonFrontPic_DarmanitanGalarStandard,gMonBackPic_DarmanitanGalarStandard,gMonPalette_DarmanitanGalarStandard,gMonShinyPalette_DarmanitanGalarStandard,gMonIcon_DarmanitanGalarStandard,
regional_form,Galar,デスマス,데스마스,SPECIES_YAMASK_GALAR,991,YAMASK,"GROUND,GHOST",38,55,85,30,65,30,303,"WANDERING_SPIRIT,NONE,NONE",PERCENT_FEMALE(50),0.5,1.5,190,61,25,STANDARD_FRIENDSHIP,GROWTH_MEDIUM_FAST,"MINERAL,AMORPHOUS",YAMASK,isGalarianForm,sYamaskGalarLevelUpLearnset,sYamaskGalarTeachableLearnset,sYamaskGalarEggMoveLearnset,gMonFrontPic_YamaskGalar,gMonBackPic_YamaskGalar,gMonPalette_YamaskGalar,gMonShinyPalette_YamaskGalar,gMonIcon_YamaskGalar,"{EVO_SCRIPT_TRIGGER, EVO_TRIGGER_TABLET_CURSE, SPECIES_RUNERIGUS, CONDITIONS({IF_CURRENT_DAMAGE_GE, 49})}"
regional_form,Galar,マッギョ,메더,SPECIES_STUNFISK_GALAR,992,STUNFISK,"GROUND,STEEL",109,81,99,66,84,32,471,"MIMICRY,NONE,NONE",PERCENT_FEMALE(50),0.7,20.5,75,165,20,STANDARD_FRIENDSHIP,GROWTH_MEDIUM_FAST,"WATER_1,AMORPHOUS",STUNFISK,isGalarianForm,sStunfiskGalarLevelUpLearnset,sStunfiskGalarTeachableLearnset,sStunfiskGalarEggMoveLearnset,gMonFrontPic_StunfiskGalar,gMonBackPic_StunfiskGalar,gMonPalette_StunfiskGalar,gMonShinyPalette_StunfiskGalar,gMonIcon_StunfiskGalar,
regional_form,Hisui,ガーディ,가디,SPECIES_GROWLITHE_HISUI,993,GROWLITHE,"FIRE,ROCK",60,75,45,65,50,55,350,"INTIMIDATE,FLASH_FIRE,ROCK_HEAD",PERCENT_FEMALE(25),0.8,22.7,190,70,20,STANDARD_FRIENDSHIP,GROWTH_SLOW,FIELD,GROWLITHE,isHisuianForm,sGrowlitheHisuiLevelUpLearnset,sGrowlitheHisuiTeachableLearnset,sGrowlitheHisuiEggMoveLearnset,gMonFrontPic_GrowlitheHisui,gMonBackPic_GrowlitheHisui,gMonPalette_GrowlitheHisui,gMonShinyPalette_GrowlitheHisui,gMonIcon_GrowlitheHisui,"{EVO_ITEM, ITEM_FIRE_STONE, SPECIES_ARCANINE_HISUI}"
regional_form,Hisui,ウインディ,윈디,SPECIES_ARCANINE_HISUI,994,ARCANINE,"FIRE,ROCK",95,115,80,95,80,90,555,"INTIMIDATE,FLASH_FIRE,ROCK_HEAD",PERCENT_FEMALE(25),2,168,75,194,20,STANDARD_FRIENDSHIP,GROWTH_SLOW,FIELD,ARCANINE,isHisuianForm,sArcanineHisuiLevelUpLearnset,sArcanineHisuiTeachableLearnset,,gMonFrontPic_ArcanineHisui,gMonBackPic_ArcanineHisui,gMonPalette_ArcanineHisui,gMonShinyPalette_ArcanineHisui,gMonIcon_ArcanineHisui,
regional_form,Hisui,ビリリダマ,찌리리공,SPECIES_VOLTORB_HISUI,995,VOLTORB,"ELECTRIC,GRASS",40,30,50,55,55,100,330,"SOUNDPROOF,STATIC,AFTERMATH",MON_GENDERLESS,0.5,13,190,66,20,STANDARD_FRIENDSHIP,GROWTH_MEDIUM_FAST,MINERAL,VOLTORB,isHisuianForm,sVoltorbHisuiLevelUpLearnset,sVoltorbHisuiTeachableLearnset,,gMonFrontPic_VoltorbHisui,gMonBackPic_VoltorbHisui,gMonPalette_VoltorbHisui,gMonShinyPalette_VoltorbHisui,gMonIcon_VoltorbHisui,"{EVO_ITEM, ITEM_LEAF_STONE, SPECIES_ELECTRODE_HISUI}"
regional_form,Hisui,マルマイン,붐볼,SPECIES_ELECTRODE_HISUI,996,ELECTRODE,"ELECTRIC,GRASS",60,50,70,80,80,150,490,"SOUNDPROOF,STATIC,AFTERMATH",MON_GENDERLESS,1.2,71,60,172,20,STANDARD_FRIENDSHIP,GROWTH_MEDIUM_FAST,MINERAL,ELECTRODE,isHisuianForm,sElectrodeHisuiLevelUpLearnset,sElectrodeHisuiTeachableLearnset,,gMonFrontPic_ElectrodeHisui,gMonBackPic_ElectrodeHisui,gMonPalette_ElectrodeHisui,gMonShinyPalette_ElectrodeHisui,gMonIcon_ElectrodeHisui,
regional_form,Hisui,バクフーン,블레이범,SPECIES_TYPHLOSION_HISUI,997,TYPHLOSION,"FIRE,GHOST",73,84,78,119,85,95,534,"BLAZE,NONE,FRISK",PERCENT_FEMALE(12.5),1.6,69.8,45,267,20,STANDARD_FRIENDSHIP,GROWTH_MEDIUM_SLOW,FIELD,TYPHLOSION,isHisuianForm,sTyphlosionHisuiLevelUpLearnset,sTyphlosionHisuiTeachableLearnset,,gMonFrontPic_TyphlosionHisui,gMonBackPic_TyphlosionHisui,gMonPalette_TyphlosionHisui,gMonShinyPalette_TyphlosionHisui,gMonIcon_TyphlosionHisui,
regional_form,Hisui,ハリーセン,침바루,SPECIES_QWILFISH_HISUI,998,QWILFISH,"DARK,POISON",65,95,85,55,55,85,440,"POISON_POINT,SWIFT_SWIM,INTIMIDATE",PERCENT_FEMALE(50),0.5,3.9,45,88,20,STANDARD_FRIENDSHIP,GROWTH_MEDIUM_FAST,WATER_2,QWILFISH,isHisuianForm,sQwilfishHisuiLevelUpLearnset,sQwilfishHisuiTeachableLearnset,sQwilfishHisuiEggMoveLearnset,gMonFrontPic_QwilfishHisui,gMonBackPic_QwilfishHisui,gMonPalette_QwilfishHisui,gMonShinyPalette_QwilfishHisui,gMonIcon_QwilfishHisui,"{EVO_LEVEL, 0, SPECIES_OVERQWIL, CONDITIONS({IF_KNOWS_MOVE, MOVE_BARB_BARRAGE})}"
regional_form,Hisui,ニューラ,포푸니,SPECIES_SNEASEL_HISUI,999,SNEASEL,"FIGHTING,POISON",55,95,55,35,75,115,430,"INNER_FOCUS,KEEN_EYE,PICKPOCKET",PERCENT_FEMALE(50),0.9,27,60,86,20,35,GROWTH_MEDIUM_SLOW,FIELD,SNEASEL,isHisuianForm,sSneaselHisuiLevelUpLearnset,sSneaselHisuiTeachableLearnset,sSneaselHisuiEggMoveLearnset,gMonFrontPic_SneaselHisui,gMonBackPic_SneaselHisui,gMonPalette_SneaselHisui,gMonShinyPalette_SneaselHisui,gMonIcon_SneaselHisui,"{EVO_LEVEL, 0, SPECIES_SNEASLER, CONDITIONS({IF_NOT_TIME, TIME_NIGHT}, {IF_HOLD_ITEM, ITEM_RAZOR_CLAW})}, {EVO_ITEM, ITEM_RAZOR_CLAW, SPECIES_SNEASLER, CONDITIONS({IF_NOT_TIME, TIME_NIGHT})}"
regional_form,Hisui,ダイケンキ,대검귀,SPECIES_SAMUROTT_HISUI,1000,SAMUROTT,"WATER,DARK",90,108,80,100,65,85,528,"TORRENT,NONE,SHARPNESS",PERCENT_FEMALE(12.5),1.5,58.2,45,264,20,STANDARD_FRIENDSHIP,GROWTH_MEDIUM_SLOW,FIELD,SAMUROTT,isHisuianForm,sSamurottHisuiLevelUpLearnset,sSamurottHisuiTeachableLearnset,,gMonFrontPic_SamurottHisui,gMonBackPic_SamurottHisui,gMonPalette_SamurottHisui,gMonShinyPalette_SamurottHisui,gMonIcon_SamurottHisui,
regional_form,Hisui,ドレディア,드레디어,SPECIES_LILLIGANT_HISUI,1001,LILLIGANT,"GRASS,FIGHTING",70,105,75,50,75,105,480,"CHLOROPHYLL,HUSTLE,LEAF_GUARD",MON_FEMALE,1.2,19.2,75,168,20,STANDARD_FRIENDSHIP,GROWTH_MEDIUM_FAST,GRASS,LILLIGANT,isHisuianForm,sLilligantHisuiLevelUpLearnset,sLilligantHisuiTeachableLearnset,,gMonFrontPic_LilligantHisui,gMonBackPic_LilligantHisui,gMonPalette_LilligantHisui,gMonShinyPalette_LilligantHisui,gMonIcon_LilligantHisui,
regional_form,Hisui,ゾロア,조로아,SPECIES_ZORUA_HISUI,1002,ZORUA,"NORMAL,GHOST",35,60,40,85,40,70,330,"ILLUSION,NONE,NONE",PERCENT_FEMALE(12.5),0.7,12.5,75,66,25,STANDARD_FRIENDSHIP,GROWTH_MEDIUM_SLOW,FIELD,ZORUA,isHisuianForm,sZoruaHisuiLevelUpLearnset,sZoruaHisuiTeachableLearnset,sZoruaHisuiEggMoveLearnset,gMonFrontPic_ZoruaHisui,gMonBackPic_ZoruaHisui,gMonPalette_ZoruaHisui,gMonShinyPalette_ZoruaHisui,gMonIcon_ZoruaHisui,"{EVO_LEVEL, 30, SPECIES_ZOROARK_HISUI}"
regional_form,Hisui,ゾロアーク,조로아크,SPECIES_ZOROARK_HISUI,1003,ZOROARK,"NORMAL,GHOST",55,100,60,125,60,110,510,"ILLUSION,NONE,NONE",PERCENT_FEMALE(12.5),1.6,73,45,179,20,STANDARD_FRIENDSHIP,GROWTH_MEDIUM_SLOW,FIELD,ZOROARK,isHisuianForm,sZoroarkHisuiLevelUpLearnset,sZoroarkHisuiTeachableLearnset,,gMonFrontPic_ZoroarkHisui,gMonBackPic_ZoroarkHisui,gMonPalette_ZoroarkHisui,gMonShinyPalette_ZoroarkHisui,gMonIcon_ZoroarkHisui,
regional_form,Hisui,ウォーグル,워글,SPECIES_BRAVIARY_HISUI,1004,BRAVIARY,"PSYCHIC,FLYING",110,83,70,112,70,65,510,"KEEN_EYE,SHEER_FORCE,TINTED_LENS",MON_MALE,1.7,43.4,60,179,20,STANDARD_FRIENDSHIP,GROWTH_SLOW,FLYING,BRAVIARY,isHisuianForm,sBraviaryHisuiLevelUpLearnset,sBraviaryHisuiTeachableLearnset,,gMonFrontPic_BraviaryHisui,gMonBackPic_BraviaryHisui,gMonPalette_BraviaryHisui,gMonShinyPalette_BraviaryHisui,gMonIcon_BraviaryHisui,
regional_form,Hisui,ヌメイル,미끄네일,SPECIES_SLIGGOO_HISUI,1005,SLIGGOO,"DRAGON,STEEL",58,75,83,83,113,40,452,"SAP_SIPPER,SHELL_ARMOR,GOOEY",PERCENT_FEMALE(50),0.7,68.5,45,158,40,35,GROWTH_SLOW,DRAGON,SLIGGOO,isHisuianForm,sSliggooHisuiLevelUpLearnset,sSliggooHisuiTeachableLearnset,,gMonFrontPic_SliggooHisui,gMonBackPic_SliggooHisui,gMonPalette_SliggooHisui,gMonShinyPalette_SliggooHisui,gMonIcon_SliggooHisui,"{EVO_LEVEL, 50, SPECIES_GOODRA_HISUI, CONDITIONS({IF_WEATHER, WEATHER_RAIN})}, {EVO_LEVEL, 50, SPECIES_GOODRA_HISUI, CONDITIONS({IF_WEATHER, WEATHER_FOG})}"
regional_form,Hisui,ヌメルゴン,미끄래곤,SPECIES_GOODRA_HISUI,1006,GOODRA,"DRAGON,STEEL",80,100,100,110,150,60,600,"SAP_SIPPER,SHELL_ARMOR,GOOEY",PERCENT_FEMALE(50),1.7,334.1,45,300,40,35,GROWTH_SLOW,DRAGON,GOODRA,isHisuianForm,sGoodraHisuiLevelUpLearnset,sGoodraHisuiTeachableLearnset,,gMonFrontPic_GoodraHisui,gMonBackPic_GoodraHisui,gMonPalette_GoodraHisui,gMonShinyPalette_GoodraHisui,gMonIcon_GoodraHisui,
regional_form,Hisui,クレベース,크레베이스,SPECIES_AVALUGG_HISUI,1007,AVALUGG,"ICE,ROCK",95,127,184,34,36,38,514,"STRONG_JAW,ICE_BODY,STURDY",PERCENT_FEMALE(50),1.4,262.4,55,180,20,STANDARD_FRIENDSHIP,GROWTH_MEDIUM_FAST,,AVALUGG,isHisuianForm,sAvaluggHisuiLevelUpLearnset,sAvaluggHisuiTeachableLearnset,,gMonFrontPic_AvaluggHisui,gMonBackPic_AvaluggHisui,gMonPalette_AvaluggHisui,gMonShinyPalette_AvaluggHisui,gMonIcon_AvaluggHisui,
regional_form,Hisui,ジュナイパー,모크나이퍼,SPECIES_DECIDUEYE_HISUI,1008,DECIDUEYE,"GRASS,FIGHTING",88,112,80,95,95,60,530,"OVERGROW,NONE,SCRAPPY",PERCENT_FEMALE(12.5),1.6,37,45,265,15,STANDARD_FRIENDSHIP,GROWTH_MEDIUM_SLOW,FLYING,DECIDUEYE,isHisuianForm,sDecidueyeHisuiLevelUpLearnset,sDecidueyeHisuiTeachableLearnset,,gMonFrontPic_DecidueyeHisui,gMonBackPic_DecidueyeHisui,gMonPalette_DecidueyeHisui,gMonShinyPalette_DecidueyeHisui,gMonIcon_DecidueyeHisui,
regional_form,Paldea,ケンタロス（コンバット種）,켄타로스(컴뱃종),SPECIES_TAUROS_PALDEA_COMBAT,1402,TAUROS,FIGHTING,75,110,105,30,70,100,490,"INTIMIDATE,ANGER_POINT,CUD_CHEW",MON_MALE,1.4,115,45,172,20,STANDARD_FRIENDSHIP,GROWTH_SLOW,FIELD,TAUROS,isPaldeanForm,sTaurosPaldeaCombatLevelUpLearnset,sTaurosPaldeaCombatTeachableLearnset,sTaurosPaldeaCombatEggMoveLearnset,gMonFrontPic_TaurosPaldeaCombat,gMonBackPic_TaurosPaldeaCombat,gMonPalette_TaurosPaldeaCombat,gMonShinyPalette_TaurosPaldeaCombat,gMonIcon_TaurosPaldeaCombat,
regional_form,Paldea,ケンタロス（ブレイズ種）,켄타로스(블레이즈종),SPECIES_TAUROS_PALDEA_BLAZE,1403,TAUROS,"FIGHTING,FIRE",75,110,105,30,70,100,490,"INTIMIDATE,ANGER_POINT,CUD_CHEW",MON_MALE,1.4,85,45,172,20,STANDARD_FRIENDSHIP,GROWTH_SLOW,FIELD,TAUROS,isPaldeanForm,sTaurosPaldeaBlazeLevelUpLearnset,sTaurosPaldeaBlazeTeachableLearnset,sTaurosPaldeaBlazeEggMoveLearnset,gMonFrontPic_TaurosPaldeaBlaze,gMonBackPic_TaurosPaldeaBlaze,gMonPalette_TaurosPaldeaBlaze,gMonShinyPalette_TaurosPaldeaBlaze,gMonIcon_TaurosPaldeaBlaze,
regional_form,Paldea,ケンタロス（ウォーター種）,켄타로스(워터종),SPECIES_TAUROS_PALDEA_AQUA,1404,TAUROS,"FIGHTING,WATER",75,110,105,30,70,100,490,"INTIMIDATE,ANGER_POINT,CUD_CHEW",MON_MALE,1.4,110,45,172,20,STANDARD_FRIENDSHIP,GROWTH_SLOW,FIELD,TAUROS,isPaldeanForm,sTaurosPaldeaAquaLevelUpLearnset,sTaurosPaldeaAquaTeachableLearnset,sTaurosPaldeaAquaEggMoveLearnset,gMonFrontPic_TaurosPaldeaAqua,gMonBackPic_TaurosPaldeaAqua,gMonPalette_TaurosPaldeaAqua,gMonShinyPalette_TaurosPaldeaAqua,gMonIcon_TaurosPaldeaAqua,
regional_form,Paldea,ウパー,우파,SPECIES_WOOPER_PALDEA,1405,WOOPER,"POISON,GROUND",55,45,45,25,25,15,210,"POISON_POINT,WATER_ABSORB,UNAWARE",PERCENT_FEMALE(50),0.4,11,255,42,20,STANDARD_FRIENDSHIP,GROWTH_MEDIUM_FAST,"WATER_1,FIELD",WOOPER,isPaldeanForm,sWooperPaldeaLevelUpLearnset,sWooperPaldeaTeachableLearnset,sWooperPaldeaEggMoveLearnset,gMonFrontPic_WooperPaldea,gMonBackPic_WooperPaldea,gMonPalette_WooperPaldea,gMonShinyPalette_WooperPaldea,gMonIcon_WooperPaldea,"{EVO_LEVEL, 20, SPECIES_CLODSIRE}"
regional_form_special,Hisui,バスラオ（しろすじのすがた）,배쓰나이(백색근의 모습),SPECIES_BASCULIN_WHITE_STRIPED,1091,BASCULIN,WATER,70,92,65,80,55,98,460,"RATTLED,ADAPTABILITY,MOLD_BREAKER",PERCENT_FEMALE(50),1,18,190,161,40,STANDARD_FRIENDSHIP,GROWTH_MEDIUM_FAST,WATER_2,BASCULIN,,sBasculinWhiteStripedLevelUpLearnset,sBasculinWhiteStripedTeachableLearnset,sBasculinWhiteStripedEggMoveLearnset,gMonFrontPic_BasculinWhiteStriped,gMonBackPic_BasculinWhiteStriped,gMonPalette_BasculinWhiteStriped,gMonShinyPalette_BasculinWhiteStriped,gMonIcon_BasculinWhiteStriped,"{EVO_LEVEL, 0, SPECIES_BASCULEGION_M, CONDITIONS({IF_RECOIL_DAMAGE_GE, 294}, {IF_GENDER, MON_MALE})}, {EVO_LEVEL, 0, SPECIES_BASCULEGION_F, CONDITIONS({IF_RECOIL_DAMAGE_GE, 294}, {IF_GENDER, MON_FEMALE})}"
regional_evolution,Galar,タチフサグマ,가로막구리,SPECIES_OBSTAGOON,862,OBSTAGOON,"DARK,NORMAL",93,90,101,60,81,95,520,"RECKLESS,GUTS,DEFIANT",PERCENT_FEMALE(50),1.6,46,45,260,15,STANDARD_FRIENDSHIP,GROWTH_MEDIUM_FAST,FIELD,OBSTAGOON,,sObstagoonLevelUpLearnset,sObstagoonTeachableLearnset,,gMonFrontPic_Obstagoon,gMonBackPic_Obstagoon,gMonPalette_Obstagoon,gMonShinyPalette_Obstagoon,gMonIcon_Obstagoon,
regional_evolution,Galar,ニャイキング,나이킹,SPECIES_PERRSERKER,863,PERRSERKER,STEEL,70,110,100,50,60,50,440,"BATTLE_ARMOR,TOUGH_CLAWS,STEELY_SPIRIT",PERCENT_FEMALE(50),0.8,28,90,154,20,STANDARD_FRIENDSHIP,GROWTH_MEDIUM_FAST,FIELD,PERRSERKER,,sPerrserkerLevelUpLearnset,sPerrserkerTeachableLearnset,,gMonFrontPic_Perrserker,gMonBackPic_Perrserker,gMonPalette_Perrserker,gMonShinyPalette_Perrserker,gMonIcon_Perrserker,
regional_evolution,Galar,サニゴーン,산호르곤,SPECIES_CURSOLA,864,CURSOLA,GHOST,60,95,50,145,130,30,510,"WEAK_ARMOR,NONE,PERISH_BODY",PERCENT_FEMALE(75),1,0.4,30,179,20,STANDARD_FRIENDSHIP,GROWTH_FAST,"WATER_1,WATER_3",CURSOLA,,sCursolaLevelUpLearnset,sCursolaTeachableLearnset,,gMonFrontPic_Cursola,gMonBackPic_Cursola,gMonPalette_Cursola,gMonShinyPalette_Cursola,gMonIcon_Cursola,
regional_evolution,Galar,ネギガナイト,창파나이트,SPECIES_SIRFETCHD,865,SIRFETCHD,FIGHTING,62,135,95,68,82,65,507,"STEADFAST,NONE,SCRAPPY",PERCENT_FEMALE(50),0.8,117,45,177,20,STANDARD_FRIENDSHIP,GROWTH_MEDIUM_FAST,"FLYING,FIELD",SIRFETCHD,,sSirfetchdLevelUpLearnset,sSirfetchdTeachableLearnset,,gMonFrontPic_Sirfetchd,gMonBackPic_Sirfetchd,gMonPalette_Sirfetchd,gMonShinyPalette_Sirfetchd,gMonIcon_Sirfetchd,
regional_evolution,Galar,バリコオル,마임꽁꽁,SPECIES_MR_RIME,866,MR_RIME,"ICE,PSYCHIC",80,85,75,110,100,70,520,"TANGLED_FEET,SCREEN_CLEANER,ICE_BODY",PERCENT_FEMALE(50),1.5,58.2,45,182,25,STANDARD_FRIENDSHIP,GROWTH_MEDIUM_FAST,HUMAN_LIKE,MR_RIME,,sMrRimeLevelUpLearnset,sMrRimeTeachableLearnset,,gMonFrontPic_MrRime,gMonBackPic_MrRime,gMonPalette_MrRime,gMonShinyPalette_MrRime,gMonIcon_MrRime,
regional_evolution,Galar,デスバーン,데스판,SPECIES_RUNERIGUS,867,RUNERIGUS,"GROUND,GHOST",58,95,145,50,105,30,483,"WANDERING_SPIRIT,NONE,NONE",PERCENT_FEMALE(50),1.6,66.6,90,169,25,STANDARD_FRIENDSHIP,GROWTH_MEDIUM_FAST,"MINERAL,AMORPHOUS",RUNERIGUS,,sRunerigusLevelUpLearnset,sRunerigusTeachableLearnset,,gMonFrontPic_Runerigus,gMonBackPic_Runerigus,gMonPalette_Runerigus,gMonShinyPalette_Runerigus,gMonIcon_Runerigus,
regional_evolution,Hisui,オオニューラ,포푸니크,SPECIES_SNEASLER,903,SNEASLER,"FIGHTING,POISON",80,130,60,40,80,120,510,"PRESSURE,UNBURDEN,POISON_TOUCH",PERCENT_FEMALE(50),1.3,43,20,102,20,STANDARD_FRIENDSHIP,GROWTH_MEDIUM_SLOW,FIELD,SNEASLER,,sSneaslerLevelUpLearnset,sSneaslerTeachableLearnset,,gMonFrontPic_Sneasler,gMonBackPic_Sneasler,gMonPalette_Sneasler,gMonShinyPalette_Sneasler,gMonIcon_Sneasler,
regional_evolution,Hisui,ハリーマン,장침바루,SPECIES_OVERQWIL,904,OVERQWIL,"DARK,POISON",85,115,95,65,65,85,510,"POISON_POINT,SWIFT_SWIM,INTIMIDATE",PERCENT_FEMALE(50),2.5,60.5,45,179,20,STANDARD_FRIENDSHIP,GROWTH_MEDIUM_FAST,WATER_2,OVERQWIL,,sOverqwilLevelUpLearnset,sOverqwilTeachableLearnset,,gMonFrontPic_Overqwil,gMonBackPic_Overqwil,gMonPalette_Overqwil,gMonShinyPalette_Overqwil,gMonIcon_Overqwil,
regional_evolution,Paldea,ドオー,토오,SPECIES_CLODSIRE,1371,CLODSIRE,"POISON,GROUND",130,75,60,45,100,20,430,"POISON_POINT,WATER_ABSORB,UNAWARE",PERCENT_FEMALE(50),1.8,223,90,151,20,STANDARD_FRIENDSHIP,GROWTH_MEDIUM_FAST,"WATER_1,FIELD",CLODSIRE,,sClodsireLevelUpLearnset,sClodsireTeachableLearnset,,gMonFrontPic_Clodsire,gMonBackPic_Clodsire,gMonPalette_Clodsire,gMonShinyPalette_Clodsire,gMonIcon_Clodsire,
regional_evolution_special,Hisui,イダイトウ♂,대쓰여너♂,SPECIES_BASCULEGION_M,902,BASCULEGION,"WATER,GHOST",120,112,65,80,75,78,530,"SWIFT_SWIM,ADAPTABILITY,MOLD_BREAKER",MON_MALE,3,110,45,265,20,STANDARD_FRIENDSHIP,GROWTH_MEDIUM_FAST,WATER_2,BASCULEGION,,sBasculegionLevelUpLearnset,sBasculegionTeachableLearnset,,gMonFrontPic_BasculegionM,gMonBackPic_BasculegionM,gMonPalette_BasculegionM,gMonShinyPalette_BasculegionM,gMonIcon_BasculegionM,
regional_evolution_special,Hisui,イダイトウ♀,대쓰여너♀,SPECIES_BASCULEGION_F,1234,BASCULEGION,"WATER,GHOST",120,92,65,100,75,78,530,"SWIFT_SWIM,ADAPTABILITY,MOLD_BREAKER",MON_FEMALE,3,110,45,265,20,STANDARD_FRIENDSHIP,GROWTH_MEDIUM_FAST,WATER_2,BASCULEGION,,sBasculegionLevelUpLearnset,sBasculegionTeachableLearnset,,gMonFrontPic_BasculegionF,gMonBackPic_BasculegionF,gMonPalette_BasculegionF,gMonShinyPalette_BasculegionF,gMonIcon_BasculegionF,
